Age,Weight,Height,Activity_Level,Medical_History,Heart_Rate,Stress_Level,Sleep_Duration,Exercise_Habit,Caffeine_Intake,Study_Hours,Predicted_Risk_Level
-1.5940302846904217,-1.685042603613579,0.07732387535651111,0,3,-1.3676604969280448,1,1.1304602352339557,2,3,-0.2045757360963736,Low
-0.43543770950659016,0.49040893185212614,0.5169019431655849,2,1,-0.9942966485436562,0,-0.7392954701936949,0,3,-0.6389630422666308,High
1.8817474408610728,1.3605895460384083,0.9564800109746587,1,0,-1.5687025691350232,2,-0.11604356838447802,1,3,0.22981157007388356,Moderate
